{
  "over_25_goals": {
    "type": "platt",
    "coef": 0.0,
    "intercept": 0.0
  },
  "over_35_goals": {
    "type": "platt",
    "coef": -0.24474001879583723,
    "intercept": -0.7558108843281542
  },
  "btts": {
    "type": "platt",
    "coef": 0.9070894541918928,
    "intercept": -0.34221491601058485
  },
  "over_95_corners": {
    "type": "platt",
    "coef": -0.10484763432755674,
    "intercept": -0.13938362481741212
  },
  "over_105_corners": {
    "type": "platt",
    "coef": 0.3563126766681081,
    "intercept": -0.8152807288431619
  },
  "home_win": {
    "type": "platt",
    "coef": 0.4864963587763998,
    "intercept": -0.21815256521488566
  }
}